path,id
index.html,ambOh2UyLJBN2dQvanxaSvImRMofmtxHh01IGNhLqI0
asset-manifest.json,IrkcmhKHfBgysrF226ry2FouABWODWcWrbFClZTqGhA
ArweaveApp_Logo.svg,T07dMRXngApfx5WNjI33m821MX6SlbG_dEbUvDx9zsQ
logo192.png,kt1c89PfSsMfvUhPQvqyY_ZBstqgk2iKh8_M8iuAFws
manifest.json,E81JCYqF3ff7OKnaaqOHAr6qIh4MxsgE_iiDFa0R4l8
elephant.svg,jN4HTn0jNg8_3l3csH3tSXWKC3e-cGmrYJ7xAIGqe3Q
ArConnect_Logo.png,I4kURVOOG2TChc5GcsfKByDcMFNwvh3Y8jtHzTBAYak
logo512.png,s8b8pCnZ2ceZVKbuPazAo0qgAK3kagm7LS01U7Ev6LY
favicon.ico,aLpfULOI0cJWgtI8vG49a9sMMLF_moke7uqv0szd_ok
img_avatar.png,lmf4XCmmTU5FAd6X0YtT6sa-cxhL5y_oYnksnCxUYMI
static/css/main.2e8926a9.css,oNsHmenr_s7u5P3WPXUCt54FD4mrIQ8kJ2rL8CyHIWk
robots.txt,XXWHK-IPkAzYwAChKSY_zs9HR6o19JX_fUwnfHcJMyc
static/css/main.2e8926a9.css.map,iv8D0ZxlPYkctTWZjPjq-NwSXGSNQI-dfwGgfAE1Aro
static/js/main.74aaed52.js.LICENSE.txt,AGo4cGsqGB3XKuHi705bb-Ghf_qc9XIDij5P1Pro3-U
static/js/main.74aaed52.js,lPT7mcCWwKLb6bVoMU1SllSa48ppr7yCffmqw6xTK_k
static/js/main.74aaed52.js.map,eWZLzGV5esY25rhj1Xq12FSmkVuqwKQbASsWuXGHtiU
